sample	gsm	gene_order	gene_name	transcript_id	n_union	segment_order	segment_key	segment_label	n_reads	pct_of_union
HeLa	GSM2100602	0	COMT	ENST00000361682.11	1283	0	r7_shared_unique	Genome-unique	1084	84.4894777864
HeLa	GSM2100602	0	COMT	ENST00000361682.11	1283	1	r7_shared_multi_pp	Genome-multi, pseudogene tie	0	0.0000000000
HeLa	GSM2100602	0	COMT	ENST00000361682.11	1283	2	r7_shared_multi_other	Genome-multi, other	34	2.6500389712
HeLa	GSM2100602	0	COMT	ENST00000361682.11	1283	3	r7_gonly_unique_omit	Genome-unique, omitted exon	88	6.8589243959
HeLa	GSM2100602	0	COMT	ENST00000361682.11	1283	4	r7_gonly_unique_other	Genome-unique, other	54	4.2088854248
HeLa	GSM2100602	0	COMT	ENST00000361682.11	1283	5	r7_gonly_multi	Genome-multi	14	1.0911925175
HeLa	GSM2100602	0	COMT	ENST00000361682.11	1283	6	r7_txonly	Transcriptome only	9	0.7014809041
HeLa	GSM2100602	1	GAPDH	ENST00000396861.5	4322	0	r7_shared_unique	Genome-unique	1057	24.4562702453
HeLa	GSM2100602	1	GAPDH	ENST00000396861.5	4322	1	r7_shared_multi_pp	Genome-multi, pseudogene tie	2326	53.8176770014
HeLa	GSM2100602	1	GAPDH	ENST00000396861.5	4322	2	r7_shared_multi_other	Genome-multi, other	670	15.5020823693
HeLa	GSM2100602	1	GAPDH	ENST00000396861.5	4322	3	r7_gonly_unique_omit	Genome-unique, omitted exon	53	1.2262841277
HeLa	GSM2100602	1	GAPDH	ENST00000396861.5	4322	4	r7_gonly_unique_other	Genome-unique, other	59	1.3651087460
HeLa	GSM2100602	1	GAPDH	ENST00000396861.5	4322	5	r7_gonly_multi	Genome-multi	40	0.9254974549
HeLa	GSM2100602	1	GAPDH	ENST00000396861.5	4322	6	r7_txonly	Transcriptome only	117	2.7070800555
HeLa	GSM2100602	2	LRRFIP1	ENST00000308482.14	1516	0	r7_shared_unique	Genome-unique	281	18.5356200528
HeLa	GSM2100602	2	LRRFIP1	ENST00000308482.14	1516	1	r7_shared_multi_pp	Genome-multi, pseudogene tie	44	2.9023746702
HeLa	GSM2100602	2	LRRFIP1	ENST00000308482.14	1516	2	r7_shared_multi_other	Genome-multi, other	13	0.8575197889
HeLa	GSM2100602	2	LRRFIP1	ENST00000308482.14	1516	3	r7_gonly_unique_omit	Genome-unique, omitted exon	747	49.2744063325
HeLa	GSM2100602	2	LRRFIP1	ENST00000308482.14	1516	4	r7_gonly_unique_other	Genome-unique, other	35	2.3087071240
HeLa	GSM2100602	2	LRRFIP1	ENST00000308482.14	1516	5	r7_gonly_multi	Genome-multi	380	25.0659630607
HeLa	GSM2100602	2	LRRFIP1	ENST00000308482.14	1516	6	r7_txonly	Transcriptome only	16	1.0554089710
