sample,read_length,in_phase1,periodic,psite_offset,n_psite_in_cds,n_frame0,n_frame1,n_frame2,pct_frame0,pct_frame1,pct_frame2
A2780,26,True,False,11,442232,202413,109094,130725,45.8,24.7,29.6
A2780,27,True,True,11,890011,596892,203725,89394,67.1,22.9,10.0
A2780,28,True,True,11,1065548,884929,95282,85337,83.0,8.9,8.0
A2780,29,True,True,11,451718,320036,33788,97894,70.8,7.5,21.7
A549,23,True,True,11,79263,41800,15144,22319,52.7,19.1,28.2
A549,24,True,True,11,83548,40324,21600,21624,48.3,25.9,25.9
A549,25,True,True,11,114142,66153,21894,26095,58.0,19.2,22.9
A549,26,True,True,11,186674,105349,29304,52021,56.4,15.7,27.9
A549,27,True,True,11,286940,178624,49430,58886,62.3,17.2,20.5
A549,28,True,True,11,355873,266714,36209,52950,74.9,10.2,14.9
A549,29,True,True,11,236778,157767,13279,65732,66.6,5.6,27.8
BJ,26,True,False,11,82797,36545,17566,28686,44.1,21.2,34.6
BJ,27,True,False,11,323102,201814,65932,55356,62.5,20.4,17.1
BJ,28,True,True,11,835434,642047,70171,123216,76.9,8.4,14.7
BJ,29,True,True,11,724379,463769,31636,228974,64.0,4.4,31.6
BJ,30,True,False,12,301502,140299,146211,14992,46.5,48.5,5.0
BRx-142,26,True,True,11,108824,73512,11788,23524,67.6,10.8,21.6
BRx-142,27,True,True,11,212173,131037,26859,54277,61.8,12.7,25.6
BRx-142,28,True,True,11,390463,264298,51878,74287,67.7,13.3,19.0
BRx-142,29,True,True,11,530293,376365,46438,107490,71.0,8.8,20.3
BRx-142,30,True,True,11,411092,246992,27031,137069,60.1,6.6,33.3
BRx-142,31,True,False,11,176380,90313,12964,73103,51.2,7.4,41.4
Cybrid_Cells,23,True,True,11,89497,50938,16262,22297,56.9,18.2,24.9
Cybrid_Cells,24,True,True,11,143366,78879,31232,33255,55.0,21.8,23.2
Cybrid_Cells,25,True,True,11,249181,158012,42334,48835,63.4,17.0,19.6
Cybrid_Cells,26,True,True,11,372595,231740,52411,88444,62.2,14.1,23.7
Cybrid_Cells,27,True,True,11,486783,318601,78580,89602,65.5,16.1,18.4
Cybrid_Cells,28,True,True,11,595299,459380,58024,77895,77.2,9.7,13.1
Cybrid_Cells,29,True,True,11,337891,217964,30614,89313,64.5,9.1,26.4
Cybrid_Cells,30,True,True,11,122015,54997,19352,47666,45.1,15.9,39.1
H1-hESC,25,True,True,11,245231,153671,41585,49975,62.7,17.0,20.4
H1-hESC,26,True,False,11,421867,167523,91123,163221,39.7,21.6,38.7
H1-hESC,27,True,True,11,975436,605942,260777,108717,62.1,26.7,11.1
H1-hESC,28,True,True,11,1673337,1369476,144177,159684,81.8,8.6,9.5
H1-hESC,29,True,True,11,1071617,694371,36873,340373,64.8,3.4,31.8
H9-hESC,25,True,True,11,152199,96304,23742,32153,63.3,15.6,21.1
H9-hESC,26,True,True,11,381126,239963,92266,48897,63.0,24.2,12.8
H9-hESC,27,True,True,11,739602,607451,96708,35443,82.1,13.1,4.8
H9-hESC,28,True,True,11,630860,549231,35746,45883,87.1,5.7,7.3
H9-hESC,29,True,True,11,179047,129998,14080,34969,72.6,7.9,19.5
HEK293,26,True,True,11,607815,380575,80321,146919,62.6,13.2,24.2
HEK293,27,True,True,11,1245055,782139,184979,277937,62.8,14.9,22.3
HEK293,28,True,True,11,1976634,1330913,225160,420561,67.3,11.4,21.3
HEK293,29,True,True,11,2165342,1372626,134726,657990,63.4,6.2,30.4
HEK293,30,True,False,11,1497056,775968,58832,662256,51.8,3.9,44.2
HEK293,31,True,True,12,639643,352380,254253,33010,55.1,39.7,5.2
HEK293T,26,True,False,11,392352,208634,76961,106757,53.2,19.6,27.2
HEK293T,27,True,True,11,717017,440053,151895,125069,61.4,21.2,17.4
HEK293T,28,True,True,11,889244,685050,105360,98834,77.0,11.8,11.1
HEK293T,29,True,True,11,486489,360065,27608,98816,74.0,5.7,20.3
HeLa,26,True,False,11,1098390,616998,181684,299708,56.2,16.5,27.3
HeLa,27,True,True,11,1791022,1132677,314075,344270,63.2,17.5,19.2
HeLa,28,True,True,11,1955328,1424982,188792,341554,72.9,9.7,17.5
HeLa,29,True,True,11,1048474,657510,56013,334951,62.7,5.3,31.9
Huh7,25,True,True,11,512618,306300,80222,126096,59.8,15.6,24.6
Huh7,26,True,False,11,745837,337877,190977,216983,45.3,25.6,29.1
Huh7,27,True,True,11,1178694,739538,298475,140681,62.7,25.3,11.9
Huh7,28,True,True,11,1272451,1001962,147762,122727,78.7,11.6,9.6
Huh7,29,True,True,11,562444,396740,46443,119261,70.5,8.3,21.2
LuCaP-PDX,26,True,False,11,286901,118275,68875,99751,41.2,24.0,34.8
LuCaP-PDX,27,True,True,11,857890,563376,226077,68437,65.7,26.4,8.0
LuCaP-PDX,28,True,True,11,1560629,1276175,138881,145573,81.8,8.9,9.3
LuCaP-PDX,29,True,True,11,1025573,675772,43819,305982,65.9,4.3,29.8
LuCaP-PDX,30,True,False,11,300783,136734,23773,140276,45.5,7.9,46.6
MCF10A,26,True,True,11,249813,104696,127008,18109,41.9,50.8,7.2
MCF10A,27,True,True,11,661963,600458,52461,9044,90.7,7.9,1.4
MCF10A,28,True,True,11,249329,219687,6918,22724,88.1,2.8,9.1
RD-CCL-136,24,True,True,11,277801,143893,88391,45517,51.8,31.8,16.4
RD-CCL-136,25,True,True,11,400358,228706,72554,99098,57.1,18.1,24.8
RD-CCL-136,26,True,False,11,732638,376761,195754,160123,51.4,26.7,21.9
RD-CCL-136,27,True,True,11,1428325,1020006,283734,124585,71.4,19.9,8.7
RD-CCL-136,28,True,True,11,1574315,1256453,138736,179126,79.8,8.8,11.4
RD-CCL-136,29,True,True,11,723301,511789,40036,171476,70.8,5.5,23.7
U-251,25,True,True,11,226879,126451,47187,53241,55.7,20.8,23.5
U-251,26,True,False,11,392074,209936,77141,104997,53.5,19.7,26.8
U-251,27,True,True,11,774753,502424,152806,119523,64.8,19.7,15.4
U-251,28,True,True,11,1166363,860464,114202,191697,73.8,9.8,16.4
U-251,29,True,True,11,913809,573884,48707,291218,62.8,5.3,31.9
U-251,30,True,False,12,375382,174223,178264,22895,46.4,47.5,6.1
U-343,24,True,False,11,284421,131275,87226,65920,46.2,30.7,23.2
U-343,25,True,False,11,375189,214728,75270,85191,57.2,20.1,22.7
U-343,26,True,False,11,616081,347326,112346,156409,56.4,18.2,25.4
U-343,27,True,False,11,1058390,694069,194389,169932,65.6,18.4,16.1
U-343,28,True,True,11,1391134,1040228,129339,221567,74.8,9.3,15.9
U-343,29,True,True,11,961945,619796,50713,291436,64.4,5.3,30.3
U-343,30,True,False,11,344122,168112,20031,155979,48.9,5.8,45.3
U2OS,24,True,True,11,144125,108286,11339,24500,75.1,7.9,17.0
U2OS,25,True,True,11,81080,56047,9702,15331,69.1,12.0,18.9
U2OS,26,True,False,11,121080,76411,13903,30766,63.1,11.5,25.4
U2OS,27,True,False,11,263776,159772,63288,40716,60.6,24.0,15.4
U2OS,28,True,True,11,744687,618947,71405,54335,83.1,9.6,7.3
U2OS,29,True,True,11,789757,597259,33940,158558,75.6,4.3,20.1
U2OS,30,True,True,11,335526,200057,9835,125634,59.6,2.9,37.4
cardiac_fibroblasts,24,True,True,11,152665,68050,64333,20282,44.6,42.1,13.3
cardiac_fibroblasts,25,True,True,11,188756,113625,27622,47509,60.2,14.6,25.2
cardiac_fibroblasts,26,True,False,11,343685,118417,113627,111641,34.5,33.1,32.5
cardiac_fibroblasts,27,True,True,11,1002552,680123,258364,64065,67.8,25.8,6.4
cardiac_fibroblasts,28,True,True,11,1372231,1128375,106834,137022,82.2,7.8,10.0
cardiac_fibroblasts,29,True,True,11,662086,415807,27352,218927,62.8,4.1,33.1
early_neurons,23,True,True,11,195312,86108,51360,57844,44.1,26.3,29.6
early_neurons,24,True,True,11,257602,132107,70296,55199,51.3,27.3,21.4
early_neurons,25,True,True,11,367243,194714,65216,107313,53.0,17.8,29.2
early_neurons,26,True,True,11,530322,233279,138988,158055,44.0,26.2,29.8
early_neurons,27,True,True,11,784788,513167,182871,88750,65.4,23.3,11.3
early_neurons,28,True,True,11,748578,606381,74221,67976,81.0,9.9,9.1
early_neurons,29,True,True,11,263032,178790,24091,60151,68.0,9.2,22.9
fibroblast,23,True,False,11,53084,27631,11035,14418,52.1,20.8,27.2
fibroblast,24,True,True,11,71494,38204,15858,17432,53.4,22.2,24.4
fibroblast,25,True,True,11,116781,68886,21199,26696,59.0,18.2,22.9
fibroblast,26,True,False,11,227289,143418,35700,48171,63.1,15.7,21.2
fibroblast,27,True,True,11,397809,275808,55635,66366,69.3,14.0,16.7
fibroblast,28,True,True,11,492764,371809,41684,79271,75.5,8.5,16.1
fibroblast,29,True,True,11,294302,186620,20427,87255,63.4,6.9,29.6
fibroblast,30,True,False,12,102574,44536,45401,12637,43.4,44.3,12.3
hESC,23,True,False,11,252597,109290,65876,77431,43.3,26.1,30.7
hESC,24,True,False,11,286157,138572,94234,53351,48.4,32.9,18.6
hESC,25,True,False,11,361499,202582,73995,84922,56.0,20.5,23.5
hESC,26,True,False,11,544815,283012,133768,128035,51.9,24.6,23.5
hESC,27,True,True,11,911863,624142,199773,87948,68.4,21.9,9.6
hESC,28,True,True,11,1030181,838294,106089,85798,81.4,10.3,8.3
hESC,29,True,True,11,477782,366546,30290,80946,76.7,6.3,16.9
megakaryocytes,25,True,True,11,266740,129640,63433,73667,48.6,23.8,27.6
megakaryocytes,26,True,False,11,447413,202246,134042,111125,45.2,30.0,24.8
megakaryocytes,27,True,True,11,860268,558151,176320,125797,64.9,20.5,14.6
megakaryocytes,28,True,True,11,1176069,859179,151714,165176,73.1,12.9,14.0
megakaryocytes,29,True,True,11,1153045,726838,72797,353410,63.0,6.3,30.7
megakaryocytes,30,True,False,11,604001,264465,31995,307541,43.8,5.3,50.9
neurons,23,True,True,11,107269,52163,22949,32157,48.6,21.4,30.0
neurons,24,True,True,11,138338,72670,33907,31761,52.5,24.5,23.0
neurons,25,True,True,11,204652,115011,35352,54289,56.2,17.3,26.5
neurons,26,True,True,11,309372,155036,67854,86482,50.1,21.9,28.0
neurons,27,True,True,11,490116,329363,99265,61488,67.2,20.3,12.5
neurons,28,True,True,11,551315,449611,48846,52858,81.6,8.9,9.6
neurons,29,True,True,11,232088,159485,19066,53537,68.7,8.2,23.1
normal_prostate,25,True,False,11,155964,81558,24968,49438,52.3,16.0,31.7
normal_prostate,26,True,False,10,343247,157161,65016,121070,45.8,18.9,35.3
normal_prostate,27,True,True,11,943899,681477,205161,57261,72.2,21.7,6.1
normal_prostate,28,True,True,11,885921,702214,80203,103504,79.3,9.1,11.7
normal_prostate,29,True,True,11,323882,205361,28886,89635,63.4,8.9,27.7
normal_prostate,30,True,True,11,126118,65092,16524,44502,51.6,13.1,35.3
