sample,read_length,n_reads,pct_reads,in_phase1,psite_offset,frame0_pct,frame1_pct,frame2_pct,periodic,n_first10,n_first10_frame0,n_first10_frame1,n_first10_frame2
A2780,20,3411,0.08,False,,,,,False,,,,
A2780,21,4497,0.11,False,,,,,False,,,,
A2780,22,6418,0.16,False,,,,,False,,,,
A2780,23,10254,0.25,False,,,,,False,,,,
A2780,24,36750,0.91,False,,,,,False,,,,
A2780,25,196195,4.86,False,,,,,False,,,,
A2780,26,537904,13.34,True,11.0,46.7,28.1,25.2,False,10577.0,4941.0,2972.0,2664.0
A2780,27,1074677,26.65,True,11.0,66.0,22.4,11.6,True,20445.0,13494.0,4578.0,2373.0
A2780,28,1295635,32.13,True,11.0,75.1,12.6,12.4,True,22952.0,17228.0,2888.0,2836.0
A2780,29,568822,14.1,True,11.0,68.4,11.1,20.5,True,10447.0,7146.0,1159.0,2142.0
A2780,30,156912,3.89,False,,,,,False,,,,
A2780,31,62773,1.56,False,,,,,False,,,,
A2780,32,32501,0.81,False,,,,,False,,,,
A2780,33,19449,0.48,False,,,,,False,,,,
A2780,34,12307,0.31,False,,,,,False,,,,
A2780,35,7073,0.18,False,,,,,False,,,,
A2780,36,3645,0.09,False,,,,,False,,,,
A2780,37,1730,0.04,False,,,,,False,,,,
A2780,38,959,0.02,False,,,,,False,,,,
A2780,39,648,0.02,False,,,,,False,,,,
A2780,40,462,0.01,False,,,,,False,,,,
A549,20,86949,4.26,False,,,,,False,,,,
A549,21,94445,4.63,False,,,,,False,,,,
A549,22,96994,4.76,False,,,,,False,,,,
A549,23,102173,5.01,True,11.0,55.1,15.6,29.3,True,3141.0,1732.0,490.0,919.0
A549,24,105289,5.16,True,11.0,51.4,23.6,25.0,True,3293.0,1693.0,777.0,823.0
A549,25,147450,7.23,True,11.0,57.5,18.6,23.9,True,4370.0,2514.0,811.0,1045.0
A549,26,226710,11.12,True,11.0,51.6,19.4,29.0,True,6713.0,3465.0,1299.0,1949.0
A549,27,342064,16.77,True,11.0,62.4,19.7,17.9,True,11421.0,7129.0,2245.0,2047.0
A549,28,427826,20.98,True,11.0,73.7,11.6,14.7,True,15199.0,11207.0,1764.0,2228.0
A549,29,287298,14.09,True,11.0,67.4,6.9,25.7,True,10923.0,7366.0,752.0,2805.0
A549,30,93893,4.6,False,,,,,False,,,,
A549,31,16837,0.83,False,,,,,False,,,,
A549,32,4269,0.21,False,,,,,False,,,,
A549,33,2313,0.11,False,,,,,False,,,,
A549,34,1335,0.07,False,,,,,False,,,,
A549,35,844,0.04,False,,,,,False,,,,
A549,36,657,0.03,False,,,,,False,,,,
A549,37,568,0.03,False,,,,,False,,,,
A549,38,595,0.03,False,,,,,False,,,,
A549,39,568,0.03,False,,,,,False,,,,
A549,40,569,0.03,False,,,,,False,,,,
BJ,20,42749,1.38,False,,,,,False,,,,
BJ,21,57603,1.86,False,,,,,False,,,,
BJ,22,65575,2.12,False,,,,,False,,,,
BJ,23,63604,2.06,False,,,,,False,,,,
BJ,24,63600,2.06,False,,,,,False,,,,
BJ,25,72260,2.34,False,,,,,False,,,,
BJ,26,95277,3.08,True,11.0,43.3,20.3,36.4,False,1410.0,611.0,286.0,513.0
BJ,27,369843,11.97,True,11.0,47.5,27.7,24.8,False,5330.0,2530.0,1477.0,1323.0
BJ,28,956078,30.94,True,11.0,59.5,19.2,21.2,True,13849.0,8247.0,2663.0,2939.0
BJ,29,831753,26.92,True,11.0,56.6,15.5,28.0,True,12790.0,7233.0,1978.0,3579.0
BJ,30,351086,11.36,True,12.0,45.6,41.8,12.6,False,6124.0,2795.0,2559.0,770.0
BJ,31,96386,3.12,False,,,,,False,,,,
BJ,32,18684,0.6,False,,,,,False,,,,
BJ,33,3626,0.12,False,,,,,False,,,,
BJ,34,1060,0.03,False,,,,,False,,,,
BJ,35,392,0.01,False,,,,,False,,,,
BJ,36,131,0.0,False,,,,,False,,,,
BJ,37,65,0.0,False,,,,,False,,,,
BJ,38,22,0.0,False,,,,,False,,,,
BJ,39,18,0.0,False,,,,,False,,,,
BJ,40,7,0.0,False,,,,,False,,,,
BRx-142,20,13149,0.52,False,,,,,False,,,,
BRx-142,21,16775,0.66,False,,,,,False,,,,
BRx-142,22,25514,1.0,False,,,,,False,,,,
BRx-142,23,35605,1.4,False,,,,,False,,,,
BRx-142,24,45848,1.8,False,,,,,False,,,,
BRx-142,25,72627,2.85,False,,,,,False,,,,
BRx-142,26,135097,5.3,True,11.0,57.6,14.4,28.0,True,4309.0,2484.0,620.0,1205.0
BRx-142,27,255431,10.02,True,11.0,52.2,17.6,30.2,True,8291.0,4331.0,1457.0,2503.0
BRx-142,28,473593,18.58,True,11.0,57.6,18.0,24.3,True,15261.0,8795.0,2751.0,3715.0
BRx-142,29,647210,25.39,True,11.0,61.9,13.7,24.4,True,20539.0,12707.0,2819.0,5013.0
BRx-142,30,504674,19.8,True,11.0,53.4,11.8,34.8,True,16911.0,9034.0,1995.0,5882.0
BRx-142,31,220963,8.67,True,11.0,48.1,12.3,39.5,False,8606.0,4142.0,1062.0,3402.0
BRx-142,32,64411,2.53,False,,,,,False,,,,
BRx-142,33,19488,0.76,False,,,,,False,,,,
BRx-142,34,8875,0.35,False,,,,,False,,,,
BRx-142,35,5646,0.22,False,,,,,False,,,,
BRx-142,36,2566,0.1,False,,,,,False,,,,
BRx-142,37,992,0.04,False,,,,,False,,,,
BRx-142,38,463,0.02,False,,,,,False,,,,
BRx-142,39,256,0.01,False,,,,,False,,,,
BRx-142,40,158,0.01,False,,,,,False,,,,
Cybrid_Cells,20,32097,0.74,False,,,,,False,,,,
Cybrid_Cells,21,52541,1.21,False,,,,,False,,,,
Cybrid_Cells,22,86572,1.99,False,,,,,False,,,,
Cybrid_Cells,23,137837,3.16,True,11.0,54.8,19.0,26.2,True,5241.0,2870.0,998.0,1373.0
Cybrid_Cells,24,219279,5.03,True,11.0,52.8,25.3,21.9,True,7022.0,3710.0,1774.0,1538.0
Cybrid_Cells,25,365706,8.39,True,11.0,57.3,21.1,21.6,True,9965.0,5709.0,2104.0,2152.0
Cybrid_Cells,26,519153,11.91,True,11.0,50.0,21.6,28.4,True,12923.0,6457.0,2796.0,3670.0
Cybrid_Cells,27,670143,15.38,True,11.0,53.5,27.3,19.2,True,17160.0,9184.0,4684.0,3292.0
Cybrid_Cells,28,818081,18.77,True,11.0,67.3,18.7,14.0,True,20902.0,14074.0,3899.0,2929.0
Cybrid_Cells,29,509740,11.7,True,11.0,68.2,12.6,19.2,True,14545.0,9919.0,1834.0,2792.0
Cybrid_Cells,30,230215,5.28,True,11.0,62.4,12.1,25.5,True,6205.0,3873.0,750.0,1582.0
Cybrid_Cells,31,138251,3.17,False,,,,,False,,,,
Cybrid_Cells,32,111958,2.57,False,,,,,False,,,,
Cybrid_Cells,33,99836,2.29,False,,,,,False,,,,
Cybrid_Cells,34,93829,2.15,False,,,,,False,,,,
Cybrid_Cells,35,91363,2.1,False,,,,,False,,,,
Cybrid_Cells,36,77986,1.79,False,,,,,False,,,,
Cybrid_Cells,37,59565,1.37,False,,,,,False,,,,
Cybrid_Cells,38,32253,0.74,False,,,,,False,,,,
Cybrid_Cells,39,9484,0.22,False,,,,,False,,,,
Cybrid_Cells,40,1912,0.04,False,,,,,False,,,,
H1-hESC,20,8065,0.14,False,,,,,False,,,,
H1-hESC,21,22208,0.39,False,,,,,False,,,,
H1-hESC,22,59351,1.03,False,,,,,False,,,,
H1-hESC,23,119549,2.08,False,,,,,False,,,,
H1-hESC,24,180796,3.15,False,,,,,False,,,,
H1-hESC,25,288375,5.02,True,11.0,56.8,17.7,25.5,True,7169.0,4070.0,1268.0,1831.0
H1-hESC,26,491667,8.55,True,11.0,43.6,24.0,32.4,False,12675.0,5525.0,3044.0,4106.0
H1-hESC,27,1126928,19.61,True,11.0,59.0,25.6,15.4,True,25887.0,15272.0,6632.0,3983.0
H1-hESC,28,1943207,33.81,True,11.0,70.1,14.3,15.6,True,39658.0,27805.0,5671.0,6182.0
H1-hESC,29,1236722,21.52,True,11.0,62.0,9.7,28.3,True,27077.0,16783.0,2629.0,7665.0
H1-hESC,30,236181,4.11,False,,,,,False,,,,
H1-hESC,31,26080,0.45,False,,,,,False,,,,
H1-hESC,32,5385,0.09,False,,,,,False,,,,
H1-hESC,33,1841,0.03,False,,,,,False,,,,
H1-hESC,34,788,0.01,False,,,,,False,,,,
H1-hESC,35,356,0.01,False,,,,,False,,,,
H1-hESC,36,94,0.0,False,,,,,False,,,,
H1-hESC,37,46,0.0,False,,,,,False,,,,
H1-hESC,38,8,0.0,False,,,,,False,,,,
H1-hESC,39,2,0.0,False,,,,,False,,,,
H1-hESC,40,2,0.0,False,,,,,False,,,,
H9-hESC,20,38815,1.39,False,,,,,False,,,,
H9-hESC,21,10137,0.36,False,,,,,False,,,,
H9-hESC,22,8518,0.31,False,,,,,False,,,,
H9-hESC,23,14853,0.53,False,,,,,False,,,,
H9-hESC,24,60120,2.15,False,,,,,False,,,,
H9-hESC,25,180776,6.48,True,11.0,58.5,16.5,25.0,True,3683.0,2153.0,609.0,921.0
H9-hESC,26,445369,15.96,True,11.0,57.3,24.5,18.2,True,8108.0,4645.0,1990.0,1473.0
H9-hESC,27,864240,30.97,True,11.0,73.6,16.5,10.0,True,14879.0,10944.0,2449.0,1486.0
H9-hESC,28,753958,27.01,True,11.0,78.7,9.0,12.3,True,13884.0,10929.0,1251.0,1704.0
H9-hESC,29,228417,8.18,True,11.0,67.6,11.4,21.0,True,4837.0,3270.0,549.0,1018.0
H9-hESC,30,55742,2.0,False,,,,,False,,,,
H9-hESC,31,30334,1.09,False,,,,,False,,,,
H9-hESC,32,26360,0.94,False,,,,,False,,,,
H9-hESC,33,24579,0.88,False,,,,,False,,,,
H9-hESC,34,21290,0.76,False,,,,,False,,,,
H9-hESC,35,15057,0.54,False,,,,,False,,,,
H9-hESC,36,7683,0.28,False,,,,,False,,,,
H9-hESC,37,2836,0.1,False,,,,,False,,,,
H9-hESC,38,1125,0.04,False,,,,,False,,,,
H9-hESC,39,527,0.02,False,,,,,False,,,,
H9-hESC,40,254,0.01,False,,,,,False,,,,
HEK293,20,49667,0.47,False,,,,,False,,,,
HEK293,21,54126,0.51,False,,,,,False,,,,
HEK293,22,55122,0.52,False,,,,,False,,,,
HEK293,23,71602,0.68,False,,,,,False,,,,
HEK293,24,117929,1.12,False,,,,,False,,,,
HEK293,25,281648,2.67,False,,,,,False,,,,
HEK293,26,699971,6.64,True,11.0,52.4,18.6,29.0,True,12465.0,6534.0,2317.0,3614.0
HEK293,27,1433453,13.59,True,11.0,51.7,21.2,27.1,True,24854.0,12855.0,5265.0,6734.0
HEK293,28,2298800,21.79,True,11.0,56.6,19.3,24.1,True,40082.0,22687.0,7730.0,9665.0
HEK293,29,2522235,23.91,True,11.0,56.3,14.1,29.6,True,45047.0,25368.0,6332.0,13347.0
HEK293,30,1741149,16.51,True,11.0,48.9,10.8,40.3,False,32888.0,16087.0,3549.0,13252.0
HEK293,31,759741,7.2,True,12.0,52.9,37.5,9.7,True,17726.0,9371.0,6642.0,1713.0
HEK293,32,260331,2.47,False,,,,,False,,,,
HEK293,33,99374,0.94,False,,,,,False,,,,
HEK293,34,49282,0.47,False,,,,,False,,,,
HEK293,35,30451,0.29,False,,,,,False,,,,
HEK293,36,14844,0.14,False,,,,,False,,,,
HEK293,37,5246,0.05,False,,,,,False,,,,
HEK293,38,2136,0.02,False,,,,,False,,,,
HEK293,39,1096,0.01,False,,,,,False,,,,
HEK293,40,566,0.01,False,,,,,False,,,,
HEK293T,20,13561,0.39,False,,,,,False,,,,
HEK293T,21,29682,0.84,False,,,,,False,,,,
HEK293T,22,49720,1.41,False,,,,,False,,,,
HEK293T,23,74166,2.11,False,,,,,False,,,,
HEK293T,24,102517,2.92,False,,,,,False,,,,
HEK293T,25,190506,5.42,False,,,,,False,,,,
HEK293T,26,464064,13.21,True,11.0,48.2,23.0,28.8,False,11711.0,5646.0,2696.0,3369.0
HEK293T,27,846104,24.08,True,11.0,58.1,24.7,17.2,True,21598.0,12559.0,5333.0,3706.0
HEK293T,28,1064749,30.3,True,11.0,73.3,15.1,11.6,True,27259.0,19992.0,4110.0,3157.0
HEK293T,29,584198,16.62,True,11.0,75.1,7.0,18.0,True,16719.0,12551.0,1162.0,3006.0
HEK293T,30,84142,2.39,False,,,,,False,,,,
HEK293T,31,7645,0.22,False,,,,,False,,,,
HEK293T,32,1194,0.03,False,,,,,False,,,,
HEK293T,33,393,0.01,False,,,,,False,,,,
HEK293T,34,283,0.01,False,,,,,False,,,,
HEK293T,35,219,0.01,False,,,,,False,,,,
HEK293T,36,232,0.01,False,,,,,False,,,,
HEK293T,37,192,0.01,False,,,,,False,,,,
HEK293T,38,185,0.01,False,,,,,False,,,,
HEK293T,39,149,0.0,False,,,,,False,,,,
HEK293T,40,116,0.0,False,,,,,False,,,,
HeLa,20,3037,0.04,False,,,,,False,,,,
HeLa,21,5334,0.07,False,,,,,False,,,,
HeLa,22,7271,0.1,False,,,,,False,,,,
HeLa,23,10668,0.14,False,,,,,False,,,,
HeLa,24,28423,0.37,False,,,,,False,,,,
HeLa,25,282842,3.7,False,,,,,False,,,,
HeLa,26,1305173,17.09,True,11.0,47.0,21.8,31.1,False,30712.0,14438.0,6709.0,9565.0
HeLa,27,2145523,28.1,True,11.0,55.7,24.2,20.0,True,49309.0,27480.0,11944.0,9885.0
HeLa,28,2397193,31.4,True,11.0,66.6,15.0,18.4,True,55279.0,36821.0,8314.0,10144.0
HeLa,29,1299523,17.02,True,11.0,62.9,7.7,29.4,True,34254.0,21545.0,2650.0,10059.0
HeLa,30,141236,1.85,False,,,,,False,,,,
HeLa,31,7202,0.09,False,,,,,False,,,,
HeLa,32,1013,0.01,False,,,,,False,,,,
HeLa,33,328,0.0,False,,,,,False,,,,
HeLa,34,115,0.0,False,,,,,False,,,,
HeLa,35,50,0.0,False,,,,,False,,,,
HeLa,36,46,0.0,False,,,,,False,,,,
HeLa,37,32,0.0,False,,,,,False,,,,
HeLa,38,21,0.0,False,,,,,False,,,,
HeLa,39,16,0.0,False,,,,,False,,,,
HeLa,40,8,0.0,False,,,,,False,,,,
Huh7,20,18356,0.27,False,,,,,False,,,,
Huh7,21,25729,0.38,False,,,,,False,,,,
Huh7,22,52604,0.78,False,,,,,False,,,,
Huh7,23,147448,2.18,False,,,,,False,,,,
Huh7,24,362074,5.34,False,,,,,False,,,,
Huh7,25,666893,9.84,True,11.0,51.6,22.3,26.1,True,24371.0,12566.0,5436.0,6369.0
Huh7,26,971376,14.34,True,11.0,48.7,28.0,23.3,False,36652.0,17833.0,10270.0,8549.0
Huh7,27,1548947,22.86,True,11.0,58.1,24.6,17.3,True,52410.0,30455.0,12908.0,9047.0
Huh7,28,1712054,25.27,True,11.0,62.8,17.9,19.3,True,53540.0,33632.0,9575.0,10333.0
Huh7,29,771810,11.39,True,11.0,63.3,14.5,22.1,True,27783.0,17593.0,4037.0,6153.0
Huh7,30,206522,3.05,False,,,,,False,,,,
Huh7,31,80577,1.19,False,,,,,False,,,,
Huh7,32,54030,0.8,False,,,,,False,,,,
Huh7,33,44231,0.65,False,,,,,False,,,,
Huh7,34,40308,0.59,False,,,,,False,,,,
Huh7,35,34821,0.51,False,,,,,False,,,,
Huh7,36,21832,0.32,False,,,,,False,,,,
Huh7,37,8709,0.13,False,,,,,False,,,,
Huh7,38,3543,0.05,False,,,,,False,,,,
Huh7,39,1821,0.03,False,,,,,False,,,,
Huh7,40,1039,0.02,False,,,,,False,,,,
LuCaP-PDX,20,9124,0.16,False,,,,,False,,,,
LuCaP-PDX,21,17662,0.32,False,,,,,False,,,,
LuCaP-PDX,22,48484,0.87,False,,,,,False,,,,
LuCaP-PDX,23,102372,1.84,False,,,,,False,,,,
LuCaP-PDX,24,160341,2.88,False,,,,,False,,,,
LuCaP-PDX,25,230690,4.14,False,,,,,False,,,,
LuCaP-PDX,26,349245,6.27,True,11.0,44.6,25.3,30.1,False,8358.0,3726.0,2117.0,2515.0
LuCaP-PDX,27,1021937,18.34,True,11.0,62.7,25.6,11.7,True,21980.0,13779.0,5628.0,2573.0
LuCaP-PDX,28,1854217,33.28,True,11.0,72.7,13.1,14.2,True,34636.0,25193.0,4532.0,4911.0
LuCaP-PDX,29,1217838,21.86,True,11.0,63.4,8.4,28.3,True,25136.0,15929.0,2106.0,7101.0
LuCaP-PDX,30,380018,6.82,True,11.0,48.7,9.4,41.9,False,9034.0,4400.0,848.0,3786.0
LuCaP-PDX,31,98107,1.76,False,,,,,False,,,,
LuCaP-PDX,32,36019,0.65,False,,,,,False,,,,
LuCaP-PDX,33,18393,0.33,False,,,,,False,,,,
LuCaP-PDX,34,10902,0.2,False,,,,,False,,,,
LuCaP-PDX,35,6701,0.12,False,,,,,False,,,,
LuCaP-PDX,36,3528,0.06,False,,,,,False,,,,
LuCaP-PDX,37,2058,0.04,False,,,,,False,,,,
LuCaP-PDX,38,1421,0.03,False,,,,,False,,,,
LuCaP-PDX,39,1098,0.02,False,,,,,False,,,,
LuCaP-PDX,40,975,0.02,False,,,,,False,,,,
MCF10A,20,1055,0.07,False,,,,,False,,,,
MCF10A,21,1378,0.1,False,,,,,False,,,,
MCF10A,22,1772,0.12,False,,,,,False,,,,
MCF10A,23,3525,0.24,False,,,,,False,,,,
MCF10A,24,13413,0.93,False,,,,,False,,,,
MCF10A,25,76689,5.29,False,,,,,False,,,,
MCF10A,26,279757,19.31,True,11.0,51.4,39.4,9.2,True,5087.0,2615.0,2003.0,469.0
MCF10A,27,738397,50.96,True,11.0,81.5,12.6,5.9,True,10128.0,8256.0,1272.0,600.0
MCF10A,28,280277,19.34,True,11.0,83.1,6.9,10.0,True,4597.0,3821.0,315.0,461.0
MCF10A,29,31930,2.2,False,,,,,False,,,,
MCF10A,30,8474,0.58,False,,,,,False,,,,
MCF10A,31,4103,0.28,False,,,,,False,,,,
MCF10A,32,2850,0.2,False,,,,,False,,,,
MCF10A,33,2152,0.15,False,,,,,False,,,,
MCF10A,34,1611,0.11,False,,,,,False,,,,
MCF10A,35,990,0.07,False,,,,,False,,,,
MCF10A,36,359,0.02,False,,,,,False,,,,
MCF10A,37,106,0.01,False,,,,,False,,,,
MCF10A,38,40,0.0,False,,,,,False,,,,
MCF10A,39,17,0.0,False,,,,,False,,,,
MCF10A,40,1,0.0,False,,,,,False,,,,
RD-CCL-136,20,144292,1.95,False,,,,,False,,,,
RD-CCL-136,21,162058,2.18,False,,,,,False,,,,
RD-CCL-136,22,213247,2.88,False,,,,,False,,,,
RD-CCL-136,23,279401,3.77,False,,,,,False,,,,
RD-CCL-136,24,338246,4.56,True,11.0,51.1,26.4,22.5,True,8949.0,4575.0,2360.0,2014.0
RD-CCL-136,25,493362,6.65,True,11.0,50.3,20.0,29.7,True,13427.0,6755.0,2682.0,3990.0
RD-CCL-136,26,892109,12.03,True,11.0,44.3,27.6,28.1,False,23010.0,10201.0,6341.0,6468.0
RD-CCL-136,27,1740159,23.46,True,11.0,56.6,24.0,19.4,True,41205.0,23314.0,9878.0,8013.0
RD-CCL-136,28,1948438,26.27,True,11.0,61.8,17.2,21.0,True,46943.0,29005.0,8090.0,9848.0
RD-CCL-136,29,901075,12.15,True,11.0,61.1,12.9,26.0,True,25783.0,15753.0,3316.0,6714.0
RD-CCL-136,30,203844,2.75,False,,,,,False,,,,
RD-CCL-136,31,50278,0.68,False,,,,,False,,,,
RD-CCL-136,32,21109,0.28,False,,,,,False,,,,
RD-CCL-136,33,11358,0.15,False,,,,,False,,,,
RD-CCL-136,34,6622,0.09,False,,,,,False,,,,
RD-CCL-136,35,4144,0.06,False,,,,,False,,,,
RD-CCL-136,36,2573,0.03,False,,,,,False,,,,
RD-CCL-136,37,1754,0.02,False,,,,,False,,,,
RD-CCL-136,38,1299,0.02,False,,,,,False,,,,
RD-CCL-136,39,1026,0.01,False,,,,,False,,,,
RD-CCL-136,40,802,0.01,False,,,,,False,,,,
U-251,20,103403,1.91,False,,,,,False,,,,
U-251,21,106432,1.97,False,,,,,False,,,,
U-251,22,108029,2.0,False,,,,,False,,,,
U-251,23,133871,2.47,False,,,,,False,,,,
U-251,24,178036,3.29,False,,,,,False,,,,
U-251,25,267446,4.94,True,11.0,50.6,23.0,26.4,True,8322.0,4211.0,1912.0,2199.0
U-251,26,456781,8.44,True,11.0,43.6,22.5,33.9,False,13785.0,6013.0,3098.0,4674.0
U-251,27,902228,16.67,True,11.0,50.9,25.6,23.6,True,25587.0,13016.0,6541.0,6030.0
U-251,28,1380906,25.51,True,11.0,60.5,18.3,21.2,True,38231.0,23137.0,6979.0,8115.0
U-251,29,1092315,20.18,True,11.0,57.6,12.0,30.4,True,33334.0,19197.0,3995.0,10142.0
U-251,30,458001,8.46,True,12.0,47.6,42.3,10.2,False,18649.0,8875.0,7880.0,1894.0
U-251,31,131574,2.43,False,,,,,False,,,,
U-251,32,44317,0.82,False,,,,,False,,,,
U-251,33,25071,0.46,False,,,,,False,,,,
U-251,34,14440,0.27,False,,,,,False,,,,
U-251,35,6028,0.11,False,,,,,False,,,,
U-251,36,2226,0.04,False,,,,,False,,,,
U-251,37,796,0.01,False,,,,,False,,,,
U-251,38,308,0.01,False,,,,,False,,,,
U-251,39,110,0.0,False,,,,,False,,,,
U-251,40,47,0.0,False,,,,,False,,,,
U-343,20,195467,2.67,False,,,,,False,,,,
U-343,21,217148,2.97,False,,,,,False,,,,
U-343,22,245742,3.36,False,,,,,False,,,,
U-343,23,290301,3.96,False,,,,,False,,,,
U-343,24,341661,4.67,True,11.0,41.0,29.7,29.3,False,9471.0,3884.0,2812.0,2775.0
U-343,25,453078,6.19,True,11.0,48.1,23.0,28.9,False,12834.0,6169.0,2953.0,3712.0
U-343,26,736534,10.06,True,11.0,41.9,23.2,35.0,False,19972.0,8360.0,4627.0,6985.0
U-343,27,1272336,17.37,True,11.0,48.6,25.7,25.7,False,33465.0,16268.0,8595.0,8602.0
U-343,28,1713338,23.4,True,11.0,57.8,18.9,23.3,True,45686.0,26388.0,8635.0,10663.0
U-343,29,1196057,16.33,True,11.0,54.9,14.3,30.8,True,35520.0,19488.0,5078.0,10954.0
U-343,30,436108,5.96,True,11.0,44.9,13.0,42.1,False,15474.0,6943.0,2014.0,6517.0
U-343,31,109878,1.5,False,,,,,False,,,,
U-343,32,36487,0.5,False,,,,,False,,,,
U-343,33,21486,0.29,False,,,,,False,,,,
U-343,34,16035,0.22,False,,,,,False,,,,
U-343,35,13170,0.18,False,,,,,False,,,,
U-343,36,10326,0.14,False,,,,,False,,,,
U-343,37,8077,0.11,False,,,,,False,,,,
U-343,38,5814,0.08,False,,,,,False,,,,
U-343,39,2869,0.04,False,,,,,False,,,,
U-343,40,1013,0.01,False,,,,,False,,,,
U2OS,20,52155,1.61,False,,,,,False,,,,
U2OS,21,59124,1.82,False,,,,,False,,,,
U2OS,22,65090,2.01,False,,,,,False,,,,
U2OS,23,88016,2.71,False,,,,,False,,,,
U2OS,24,165534,5.1,True,11.0,57.4,19.3,23.3,True,2044.0,1173.0,395.0,476.0
U2OS,25,95528,2.95,True,11.0,54.8,19.8,25.3,True,1231.0,675.0,244.0,312.0
U2OS,26,142223,4.38,True,11.0,48.7,22.3,29.1,False,1913.0,931.0,426.0,556.0
U2OS,27,305787,9.43,True,11.0,48.2,28.9,22.9,False,3902.0,1880.0,1128.0,894.0
U2OS,28,861885,26.57,True,11.0,56.1,21.7,22.2,True,9277.0,5203.0,2010.0,2064.0
U2OS,29,905899,27.93,True,11.0,55.9,20.0,24.1,True,9274.0,5186.0,1854.0,2234.0
U2OS,30,383442,11.82,True,11.0,53.4,17.1,29.6,True,3739.0,1996.0,638.0,1105.0
U2OS,31,89936,2.77,False,,,,,False,,,,
U2OS,32,19489,0.6,False,,,,,False,,,,
U2OS,33,6420,0.2,False,,,,,False,,,,
U2OS,34,2031,0.06,False,,,,,False,,,,
U2OS,35,480,0.01,False,,,,,False,,,,
U2OS,36,245,0.01,False,,,,,False,,,,
U2OS,37,131,0.0,False,,,,,False,,,,
U2OS,38,91,0.0,False,,,,,False,,,,
U2OS,39,76,0.0,False,,,,,False,,,,
U2OS,40,70,0.0,False,,,,,False,,,,
cardiac_fibroblasts,20,49353,1.0,False,,,,,False,,,,
cardiac_fibroblasts,21,88407,1.8,False,,,,,False,,,,
cardiac_fibroblasts,22,119490,2.43,False,,,,,False,,,,
cardiac_fibroblasts,23,149552,3.04,False,,,,,False,,,,
cardiac_fibroblasts,24,177075,3.6,True,11.0,50.2,33.4,16.4,True,2501.0,1255.0,836.0,410.0
cardiac_fibroblasts,25,223456,4.54,True,11.0,56.8,16.0,27.2,True,3299.0,1874.0,529.0,896.0
cardiac_fibroblasts,26,399393,8.11,True,11.0,40.8,32.2,27.0,False,6275.0,2561.0,2022.0,1692.0
cardiac_fibroblasts,27,1147415,23.3,True,11.0,65.9,24.1,10.1,True,17338.0,11418.0,4173.0,1747.0
cardiac_fibroblasts,28,1575785,32.0,True,11.0,74.0,12.2,13.8,True,23318.0,17251.0,2849.0,3218.0
cardiac_fibroblasts,29,757318,15.38,True,11.0,63.6,9.2,27.2,True,11888.0,7566.0,1090.0,3232.0
cardiac_fibroblasts,30,176512,3.58,False,,,,,False,,,,
cardiac_fibroblasts,31,38647,0.78,False,,,,,False,,,,
cardiac_fibroblasts,32,11481,0.23,False,,,,,False,,,,
cardiac_fibroblasts,33,4831,0.1,False,,,,,False,,,,
cardiac_fibroblasts,34,2605,0.05,False,,,,,False,,,,
cardiac_fibroblasts,35,1481,0.03,False,,,,,False,,,,
cardiac_fibroblasts,36,640,0.01,False,,,,,False,,,,
cardiac_fibroblasts,37,211,0.0,False,,,,,False,,,,
cardiac_fibroblasts,38,59,0.0,False,,,,,False,,,,
cardiac_fibroblasts,39,11,0.0,False,,,,,False,,,,
cardiac_fibroblasts,40,3,0.0,False,,,,,False,,,,
early_neurons,20,183833,3.81,False,,,,,False,,,,
early_neurons,21,176814,3.66,False,,,,,False,,,,
early_neurons,22,195251,4.04,False,,,,,False,,,,
early_neurons,23,254419,5.27,True,11.0,55.2,22.5,22.3,True,8077.0,4456.0,1818.0,1803.0
early_neurons,24,333076,6.9,True,11.0,57.3,23.0,19.7,True,10509.0,6022.0,2420.0,2067.0
early_neurons,25,476315,9.86,True,11.0,54.3,20.7,25.0,True,14673.0,7964.0,3036.0,3673.0
early_neurons,26,677008,14.02,True,11.0,51.6,27.3,21.1,True,21055.0,10872.0,5740.0,4443.0
early_neurons,27,1001504,20.73,True,11.0,63.5,21.9,14.6,True,31172.0,19803.0,6812.0,4557.0
early_neurons,28,974816,20.18,True,11.0,70.1,14.5,15.5,True,30992.0,21712.0,4488.0,4792.0
early_neurons,29,361342,7.48,True,11.0,66.5,11.9,21.6,True,13345.0,8871.0,1588.0,2886.0
early_neurons,30,97080,2.01,False,,,,,False,,,,
early_neurons,31,40022,0.83,False,,,,,False,,,,
early_neurons,32,25521,0.53,False,,,,,False,,,,
early_neurons,33,15549,0.32,False,,,,,False,,,,
early_neurons,34,7537,0.16,False,,,,,False,,,,
early_neurons,35,3698,0.08,False,,,,,False,,,,
early_neurons,36,2114,0.04,False,,,,,False,,,,
early_neurons,37,1498,0.03,False,,,,,False,,,,
early_neurons,38,1171,0.02,False,,,,,False,,,,
early_neurons,39,1043,0.02,False,,,,,False,,,,
early_neurons,40,885,0.02,False,,,,,False,,,,
fibroblast,20,43309,1.61,False,,,,,False,,,,
fibroblast,21,42477,1.58,False,,,,,False,,,,
fibroblast,22,50268,1.87,False,,,,,False,,,,
fibroblast,23,69335,2.58,True,11.0,48.0,20.8,31.2,False,2659.0,1277.0,552.0,830.0
fibroblast,24,92155,3.43,True,11.0,50.3,26.2,23.4,True,3509.0,1766.0,921.0,822.0
fibroblast,25,147800,5.5,True,11.0,52.0,18.9,29.1,True,5784.0,3010.0,1092.0,1682.0
fibroblast,26,276849,10.31,True,11.0,46.6,22.5,30.9,False,10192.0,4750.0,2295.0,3147.0
fibroblast,27,484481,18.04,True,11.0,57.2,23.1,19.7,True,17879.0,10219.0,4134.0,3526.0
fibroblast,28,613159,22.83,True,11.0,68.1,14.8,17.2,True,23629.0,16081.0,3488.0,4060.0
fibroblast,29,376547,14.02,True,11.0,62.2,10.2,27.7,True,16190.0,10065.0,1648.0,4477.0
fibroblast,30,140489,5.23,True,12.0,47.8,40.8,11.4,False,7178.0,3432.0,2930.0,816.0
fibroblast,31,62269,2.32,False,,,,,False,,,,
fibroblast,32,46546,1.73,False,,,,,False,,,,
fibroblast,33,44388,1.65,False,,,,,False,,,,
fibroblast,34,43674,1.63,False,,,,,False,,,,
fibroblast,35,41948,1.56,False,,,,,False,,,,
fibroblast,36,38813,1.45,False,,,,,False,,,,
fibroblast,37,31957,1.19,False,,,,,False,,,,
fibroblast,38,21982,0.82,False,,,,,False,,,,
fibroblast,39,12149,0.45,False,,,,,False,,,,
fibroblast,40,5185,0.19,False,,,,,False,,,,
hESC,20,248991,4.17,False,,,,,False,,,,
hESC,21,256745,4.3,False,,,,,False,,,,
hESC,22,274838,4.6,False,,,,,False,,,,
hESC,23,319100,5.34,True,11.0,44.3,25.0,30.7,False,11453.0,5074.0,2865.0,3514.0
hESC,24,361991,6.06,True,11.0,45.8,30.8,23.4,False,12910.0,5916.0,3971.0,3023.0
hESC,25,460592,7.71,True,11.0,49.7,22.6,27.7,False,17021.0,8453.0,3853.0,4715.0
hESC,26,687162,11.51,True,11.0,42.8,26.6,30.6,False,25277.0,10828.0,6716.0,7733.0
hESC,27,1166879,19.54,True,11.0,54.4,26.3,19.4,True,41052.0,22329.0,10777.0,7946.0
hESC,28,1362981,22.82,True,11.0,65.0,18.1,16.9,True,47027.0,30558.0,8512.0,7957.0
hESC,29,642774,10.76,True,11.0,66.3,12.6,21.1,True,25611.0,16978.0,3239.0,5394.0
hESC,30,142364,2.38,False,,,,,False,,,,
hESC,31,27746,0.46,False,,,,,False,,,,
hESC,32,9668,0.16,False,,,,,False,,,,
hESC,33,5197,0.09,False,,,,,False,,,,
hESC,34,2739,0.05,False,,,,,False,,,,
hESC,35,1371,0.02,False,,,,,False,,,,
hESC,36,589,0.01,False,,,,,False,,,,
hESC,37,214,0.0,False,,,,,False,,,,
hESC,38,131,0.0,False,,,,,False,,,,
hESC,39,92,0.0,False,,,,,False,,,,
hESC,40,50,0.0,False,,,,,False,,,,
megakaryocytes,20,1621,0.03,False,,,,,False,,,,
megakaryocytes,21,13806,0.23,False,,,,,False,,,,
megakaryocytes,22,56341,0.93,False,,,,,False,,,,
megakaryocytes,23,123221,2.03,False,,,,,False,,,,
megakaryocytes,24,212683,3.5,False,,,,,False,,,,
megakaryocytes,25,344443,5.67,True,11.0,50.2,23.7,26.1,True,9634.0,4839.0,2284.0,2511.0
megakaryocytes,26,552603,9.1,True,11.0,47.6,26.3,26.2,False,14830.0,7054.0,3894.0,3882.0
megakaryocytes,27,1028879,16.94,True,11.0,57.2,23.5,19.3,True,24654.0,14092.0,5800.0,4762.0
megakaryocytes,28,1412385,23.26,True,11.0,63.2,18.5,18.2,True,32731.0,20690.0,6071.0,5970.0
megakaryocytes,29,1374629,22.64,True,11.0,59.8,12.8,27.4,True,31036.0,18548.0,3987.0,8501.0
megakaryocytes,30,721350,11.88,True,11.0,48.6,10.2,41.2,False,16679.0,8102.0,1697.0,6880.0
megakaryocytes,31,190085,3.13,False,,,,,False,,,,
megakaryocytes,32,32950,0.54,False,,,,,False,,,,
megakaryocytes,33,5690,0.09,False,,,,,False,,,,
megakaryocytes,34,1099,0.02,False,,,,,False,,,,
megakaryocytes,35,264,0.0,False,,,,,False,,,,
megakaryocytes,36,54,0.0,False,,,,,False,,,,
megakaryocytes,37,19,0.0,False,,,,,False,,,,
megakaryocytes,38,5,0.0,False,,,,,False,,,,
megakaryocytes,39,3,0.0,False,,,,,False,,,,
neurons,20,96300,2.95,False,,,,,False,,,,
neurons,21,92989,2.85,False,,,,,False,,,,
neurons,22,107413,3.29,False,,,,,False,,,,
neurons,23,142668,4.37,True,11.0,52.5,22.7,24.9,True,4693.0,2462.0,1064.0,1167.0
neurons,24,182833,5.61,True,11.0,54.8,22.6,22.6,True,6304.0,3455.0,1423.0,1426.0
neurons,25,269698,8.27,True,11.0,52.9,20.1,26.9,True,9035.0,4781.0,1820.0,2434.0
neurons,26,401028,12.3,True,11.0,50.0,25.6,24.3,True,13907.0,6959.0,3564.0,3384.0
neurons,27,632588,19.4,True,11.0,61.9,21.8,16.3,True,22192.0,13739.0,4844.0,3609.0
neurons,28,716022,21.96,True,11.0,68.5,14.4,17.1,True,23911.0,16370.0,3449.0,4092.0
neurons,29,315879,9.69,True,11.0,64.0,12.4,23.6,True,11595.0,7419.0,1435.0,2741.0
neurons,30,105154,3.22,False,,,,,False,,,,
neurons,31,63060,1.93,False,,,,,False,,,,
neurons,32,51705,1.59,False,,,,,False,,,,
neurons,33,40202,1.23,False,,,,,False,,,,
neurons,34,25662,0.79,False,,,,,False,,,,
neurons,35,10638,0.33,False,,,,,False,,,,
neurons,36,3447,0.11,False,,,,,False,,,,
neurons,37,1510,0.05,False,,,,,False,,,,
neurons,38,971,0.03,False,,,,,False,,,,
neurons,39,726,0.02,False,,,,,False,,,,
neurons,40,616,0.02,False,,,,,False,,,,
normal_prostate,20,14336,0.35,False,,,,,False,,,,
normal_prostate,21,28974,0.7,False,,,,,False,,,,
normal_prostate,22,62277,1.5,False,,,,,False,,,,
normal_prostate,23,106986,2.58,False,,,,,False,,,,
normal_prostate,24,148711,3.58,False,,,,,False,,,,
normal_prostate,25,209894,5.06,True,11.0,49.7,19.7,30.6,False,3001.0,1492.0,592.0,917.0
normal_prostate,26,425286,10.25,True,10.0,45.2,23.1,31.7,False,5836.0,2635.0,1349.0,1852.0
normal_prostate,27,1134958,27.34,True,11.0,62.7,23.7,13.6,True,16477.0,10334.0,3908.0,2235.0
normal_prostate,28,1083917,26.11,True,11.0,69.4,15.3,15.3,True,16852.0,11694.0,2579.0,2579.0
normal_prostate,29,434593,10.47,True,11.0,65.9,13.4,20.6,True,7522.0,4958.0,1011.0,1553.0
normal_prostate,30,206582,4.98,True,11.0,56.2,13.9,29.9,True,3481.0,1955.0,484.0,1042.0
normal_prostate,31,127769,3.08,False,,,,,False,,,,
normal_prostate,32,72819,1.75,False,,,,,False,,,,
normal_prostate,33,39674,0.96,False,,,,,False,,,,
normal_prostate,34,23073,0.56,False,,,,,False,,,,
normal_prostate,35,12956,0.31,False,,,,,False,,,,
normal_prostate,36,6989,0.17,False,,,,,False,,,,
normal_prostate,37,3996,0.1,False,,,,,False,,,,
normal_prostate,38,2777,0.07,False,,,,,False,,,,
normal_prostate,39,2261,0.05,False,,,,,False,,,,
normal_prostate,40,1987,0.05,False,,,,,False,,,,
