sample	n_universe	n_gU_tP	pct_gU_tP	n_gU_tA	pct_gU_tA	n_gM_tP	pct_gM_tP	n_gM_tA	pct_gM_tA	n_gA_tP	pct_gA_tP	n_genome_unique	n_genome_multi	n_genome_absent	n_txome_present	n_txome_absent
A2780	4741396	3525505	74.35584372197555	512684	10.812933574837452	439414	9.267608105292195	235595	4.968895236761494	28198	0.5947193611333034	4038189	675009	28198	3993117	748279
A549	2786930	1906739	68.41718306523666	274485	9.849009483553589	358893	12.877718493108905	206672	7.415758558700793	40141	1.4403303994000567	2181224	565565	40141	2305773	481157
BJ	3613793	2932251	81.14053571967182	194996	5.395881833851579	328480	9.089618580809692	99777	2.761004850028765	58289	1.6129590156381397	3127247	428257	58289	3319020	294773
BRx-142	3555368	2087829	58.723288278456685	557233	15.673004876007209	286618	8.061556497105222	274978	7.7341642271629825	348710	9.807986121267897	2645062	561596	348710	2723157	832211
Cybrid_Cells	5363109	3340032	62.27790634126586	1075553	20.054654865302943	475899	8.873565687365295	341143	6.360918638797012	130482	2.432954467268892	4415585	817042	130482	3946413	1416696
H1-hESC	6557891	5330210	81.27933202915389	422771	6.44675246965831	575587	8.777013829598571	203920	3.1095362823200325	25403	0.3873653892692025	5752981	779507	25403	5931200	626691
H9-hESC	3337500	2503783	75.01971535580525	313633	9.397243445692885	348706	10.448119850187268	147053	4.406082397003745	24325	0.7288389513108614	2817416	495759	24325	2876814	460686
HEK293	12180208	9725011	79.84273339174503	903811	7.420324841743261	1130835	9.284201057978647	341744	2.8057320531800443	78807	0.647008655353012	10628822	1472579	78807	10934653	1245555
HEK293T	4136671	3203854	77.45005585409137	315289	7.621805069825471	451663	10.91851394515058	149029	3.6026311978883503	16836	0.4069939330442281	3519143	600692	16836	3672353	464318
HeLa	8817073	6846306	77.64828532099031	796933	9.038521060220324	764045	8.665517456870324	333936	3.787379326449946	75853	0.860296835469095	7643239	1097981	75853	7686204	1130869
Huh7	8050304	5871035	72.92935769879001	927282	11.518596067924888	737593	9.162299957864946	420507	5.223492181164835	93887	1.1662540942553226	6798317	1158100	93887	6702515	1347789
LuCaP-PDX	6526364	5000860	76.62551460506953	585843	8.976560302183573	584512	8.956166097998825	296546	4.543816434388275	58603	0.897942560359796	5586703	881058	58603	5643975	882389
MCF10A	1760653	1365020	77.52918945414002	85576	4.860469382666545	236257	13.418714533755374	67717	3.846129816607815	6083	0.3454968128302397	1450596	303974	6083	1607360	153293
RD-CCL-136	9179009	6923413	75.42658472172758	811414	8.839886745943925	1028298	11.202712623988058	335368	3.653640605429192	80516	0.8771753029112402	7734827	1363666	80516	8032227	1146782
U-251	6800850	5178299	76.14193814008543	437457	6.432387128079578	808765	11.892116426623142	311388	4.578662961247491	64941	0.9548953439643574	5615756	1120153	64941	6052005	748845
U-343	9110560	6956985	76.36177139495267	695352	7.632373860662791	973868	10.689441702815197	395252	4.338394127254527	89103	0.9780189143148172	7652337	1369120	89103	8019956	1090604
U2OS	4315027	3255430	75.44402387285179	257076	5.95769157411993	502376	11.642476397019069	186121	4.313321793814963	114024	2.6424863621942576	3512506	688497	114024	3871830	443197
cardiac_fibroblasts	5751052	4584646	79.71838891388914	369098	6.417921451588335	498383	8.665944943638138	247063	4.295961851849018	51862	0.9017828390353626	4953744	745446	51862	5134891	616161
early_neurons	6443554	4458401	69.19164485934316	731043	11.34533830243372	732717	11.371317754146236	389889	6.050837782999879	131504	2.0408613010770145	5189444	1122606	131504	5322622	1120932
fibroblast	3420325	2374424	69.42100531382252	404763	11.834050857740127	331204	9.683407278548092	242112	7.078625569207604	67822	1.9829109806816605	2779187	573316	67822	2773450	646875
hESC	7497489	5647833	75.32966037029198	725283	9.673678747644711	694053	9.25713929023437	317180	4.2304830323859095	113140	1.5090385594430349	6373116	1011233	113140	6455026	1042463
megakaryocytes	9995871	2720134	27.2125760726604	3352341	33.53725753363564	261794	2.619021393933555	593973	5.942183527578537	3067629	30.688961472191867	6072475	855767	3067629	6049557	3946314
neurons	4233708	2888786	68.23300048090232	530839	12.5383942397539	476469	11.254177189357414	266544	6.2957577612816	71070	1.6786703287047666	3419625	743013	71070	3436325	797383
normal_prostate	4935096	3520803	71.34213802527853	656000	13.29254790585634	380949	7.71918114662815	332517	6.737802060993342	44827	0.9083308612436314	4176803	713466	44827	3946579	988517
