sample	n_genome_unique	n_gUtU	n_gUtM	n_gUtA	n_shared_unique_concordant	n_shared_unique_discordant	n_genome_unique_transcriptome_multimapped	n_splice_junction_absent	n_nonselected_isoform_exon	n_protein_coding_gene_omitted	n_pseudogene	n_non_protein_coding_gene	n_intronic	n_intergenic	n_other_unclassified	n_representable_not_present_in_dedup_bam	pct_shared_unique_concordant	pct_shared_unique_discordant	pct_genome_unique_transcriptome_multimapped	pct_representable_not_present_in_dedup_bam	pct_splice_junction_absent	pct_nonselected_isoform_exon	pct_protein_coding_gene_omitted	pct_pseudogene	pct_non_protein_coding_gene	pct_intronic	pct_intergenic	pct_other_unclassified	C_shared_pct	R_shared_pct	C_overall_pct
A2780	4038189	3352631	172874	512684	3352215	416	172874	7980	191834	7583	11346	52915	105924	29389	0	105713	83.01283075160673	0.0103016475949986	4.280978428696626	2.617831904351183	0.1976133360771375	4.750495828699449	0.1877821964251797	0.2809675327232083	1.3103646213686382	2.623057018876531	0.7277767335803252	0.0	99.987591834592	83.02313239920173	83.01283075160673
A549	2181224	1798284	108455	274485	1797815	469	108455	3860	122359	1965	10310	28553	30585	21841	0	55012	82.4223005065046	0.02150168895996	4.972208264717425	2.5220701771115666	0.1769648600968997	5.609648527615687	0.0900870337021782	0.4726703905696985	1.3090356607116005	1.4021943642652015	1.001318525745178	0.0	99.97391958111176	82.44380219546457	82.4223005065046
BJ	3127247	2733905	198346	194996	2732377	1528	198346	5607	75574	1777	3309	12845	17393	5668	0	72823	87.37323914612438	0.0488608670821332	6.342511480545029	2.328661599163737	0.179295079665917	2.416630346115929	0.0568231418880568	0.1058119169992009	0.4107446581609959	0.5561760871462983	0.181245677108332	0.0	99.94410925032145	87.4221000132065	87.37323914612438
BRx-142	2645062	1963046	124783	557233	1962238	808	124783	7489	114896	3234	9735	33415	56253	37044	0	295167	74.18495294250191	0.0305474881118098	4.7175831795247145	11.159171316211111	0.2831313594917624	4.343792319423892	0.1222655650415755	0.3680443029312734	1.2632974198714435	2.1267176345960888	1.400496472294411	0.0	99.95883947701684	74.21550043061373	74.18495294250191
Cybrid_Cells	4415585	3086944	253088	1075553	3084639	2305	253088	9017	426166	52526	12899	90438	342400	52680	0	89427	69.85799163644228	0.052201463679218	5.731698064922315	2.025258261362877	0.2042085023841688	9.651405193196371	1.1895592543230398	0.2921243731011859	2.0481544348030893	7.754351914865188	1.193046900920263	0.0	99.9253306830315	69.9101931001215	69.85799163644228
H1-hESC	5752981	5106028	224182	422771	5105550	478	224182	10770	142286	7691	9008	41060	41985	21775	0	148196	88.74616481438058	0.0083087359405497	3.8967971561178456	2.5759862582546336	0.1872072930538098	2.473256908027334	0.1336872136375906	0.1565796932060092	0.7137169408346734	0.7297955616401306	0.3784994249068439	0.0	99.9906385158875	88.75447355032112	88.74616481438058
H9-hESC	2817416	2373394	130389	313633	2373092	302	130389	6225	114959	5223	6292	32790	57136	16825	0	74183	84.22937897704847	0.0107190418454356	4.6279640635248755	2.633015500728327	0.220947137376944	4.08029911095841	0.185382634300366	0.2233252029519247	1.163832391098794	2.027957532717923	0.5971784074485273	0.0	99.98727560615724	84.2400980188939	84.22937897704847
HEK293	10628822	9184249	540762	903811	9182771	1478	540762	27009	340102	8307	21895	68809	130702	30963	0	276024	86.39500219309346	0.013905586150563	5.087694572361829	2.596938776470243	0.2541109447500391	3.1998089722454663	0.0781554155295854	0.2059964876634494	0.6473812431895086	1.2296941279099414	0.2913116806359161	0.0	99.9839072307382	86.40890777924402	86.39500219309346
HEK293T	3519143	3080573	123281	315289	3080036	537	123281	7837	127163	2595	6742	31885	31628	12782	0	94657	87.5223314312604	0.0152593969611351	3.50315403494544	2.6897741864993834	0.2226962644030095	3.6134649828097354	0.0737395439742005	0.1915807342867283	0.9060444545731732	0.8987415401988496	0.3632134300879504	0.0	99.98256817806298	87.53759082822152	87.5223314312604
HeLa	7643239	6451396	394910	796933	6449335	2061	394910	22533	284345	16140	37809	85320	101373	43801	0	205612	84.37960660395416	0.0269650078978297	5.166788582693803	2.6901160620517035	0.2948095696078586	3.720215997432502	0.2111670196365703	0.4946724811300549	1.1162806762944348	1.3263094350444884	0.5730685642565934	0.0	99.9680534259562	84.40657161185199	84.37960660395416
Huh7	6798317	5493608	377427	927282	5492244	1364	377427	19988	365006	24503	21974	106857	132814	73490	0	182650	80.78828921922882	0.0200637893172677	5.551771122176268	2.6866943686209397	0.2940139449219564	5.3690641374916765	0.3604274410857864	0.3232270575202657	1.5718154949232288	1.9536305823926716	1.0810028423211215	0.0	99.9751711443554	80.80835300854609	80.78828921922882
LuCaP-PDX	5586703	4720783	280077	585843	4719793	990	280077	10760	186468	21843	17800	61907	104125	41072	0	141868	84.4826188182905	0.0177206484754961	5.013278851587421	2.539386826183529	0.1926001793902414	3.337710989827095	0.390981944091175	0.3186136796604366	1.1081133183561038	1.8638005277889305	0.7351742163490703	0.0	99.9790289026206	84.500339466766	84.4826188182905
MCF10A	1450596	1302011	63009	85576	1301764	247	63009	2270	24394	1947	1562	9709	3840	1729	0	40125	89.73994137582069	0.0170274838755932	4.343662880636649	2.7661044150128635	0.1564874024194193	1.681653609964456	0.1342206927359513	0.1076798777881643	0.6693110969560098	0.2647187776610441	0.1191923871291524	0.0	99.98102934614224	89.75696885969629	89.73994137582069
RD-CCL-136	7734827	6559211	364202	811414	6558143	1068	364202	18859	357006	4225	14212	62303	122124	37018	0	195667	84.78719692114639	0.0138076779222082	4.708599170996326	2.52968812359992	0.243819286455922	4.615565416007365	0.0546230704319566	0.1837403732494598	0.8054866644076203	1.5788846990372247	0.4785885967456027	0.0	99.98371755383384	84.8010045990686	84.78719692114639
U-251	5615756	4866638	311661	437457	4865696	942	311661	12718	164252	9094	11012	37056	38513	20098	0	144714	86.64365047199344	0.0167742330685307	5.549760352835842	2.5769281998719316	0.2264699534666392	2.9248421761914156	0.1619372351647756	0.196091140711954	0.6598577288614391	0.6858025882890924	0.3578859195449375	0.0	99.9806437216	86.66042470506197	86.64365047199344
U-343	7652337	6591055	365930	695352	6590097	958	365930	16726	267084	19236	13571	72486	69709	42096	0	194444	86.11875038958686	0.0125190513695358	4.781937857676681	2.5409753909165267	0.2185737507378465	3.490227887245426	0.2513741880421628	0.1773445157995525	0.9472400392193914	0.9109504717317076	0.5501064576743027	0.0	99.98546514935772	86.1312694409564	86.11875038958686
U2OS	3512506	2918248	337182	257076	2917662	586	337182	6662	81614	16527	9465	16671	18182	11305	0	96650	83.06496842994717	0.0166832455232816	9.599471146810853	2.751596723251149	0.1896651564438608	2.3235262800974574	0.4705187692206077	0.2694657318734829	0.4746184063457827	0.5176361264578623	0.321849984028497	0.0	99.97991945852444	83.08165167547045	83.06496842994717
cardiac_fibroblasts	4953744	4367660	216986	369098	4366796	864	216986	9026	150182	6688	10157	31657	32615	16406	0	112367	88.15142647662051	0.0174413534490276	4.380242499410547	2.2683247257024184	0.1822056206376429	3.0316867403725345	0.1350089952165473	0.2050368367844604	0.6390519978424399	0.6583909059491164	0.3311838480147541	0.0	99.9802182404308	88.16886783006954	88.15142647662051
early_neurons	5189444	4117213	341188	731043	4116282	931	341188	9711	302976	21463	13403	77047	130235	43990	0	132218	79.32028941828835	0.017940264891576	6.574654240415736	2.547825932797425	0.1871298736434963	5.8383133144899535	0.4135895868613285	0.2582742968225497	1.484686991515854	2.509613746674981	0.8476823335987439	0.0	99.97738761633173	79.33822968317993	79.32028941828835
fibroblast	2779187	2198329	176095	404763	2197332	997	176095	6089	178307	3086	6650	42141	83223	18393	0	66874	79.06384133201544	0.0358738005035285	6.336205516217513	2.406243264666969	0.2190928498154316	6.415797137796053	0.1110396673559569	0.2392786091759928	1.5163067472609797	2.994508825782504	0.6618122494096295	0.0	99.95464737079844	79.09971513251897	79.06384133201544
hESC	6373116	5269771	378062	725283	5269132	639	378062	16818	295880	6887	14006	74083	93851	54575	0	169183	82.67748460878478	0.0100264925352056	5.932137434812107	2.6546355032608853	0.2638897518890288	4.6426269347678595	0.1080633084349947	0.2197669083694695	1.1624298067067975	1.472607747921111	0.8563315025177637	0.0	99.98787423590132	82.68751110131998	82.67748460878478
megakaryocytes	6072475	2604203	115931	3352341	2603670	533	115931	14415	242933	11022	20500	78912	92477	33349	0	2858733	42.87658656478619	0.0087773107340911	1.909122721789715	47.07690027542312	0.237382615819744	4.000559903498985	0.1815075401710175	0.3375888743881202	1.2995030856446506	1.5228881139897652	0.5491829937546058	0.0	99.9795330855544	42.88536387552028	42.87658656478619
neurons	3419625	2674732	214054	530839	2674051	681	214054	6747	226531	8935	8336	64009	102047	28645	0	85589	78.19719998537852	0.0199144643052966	6.259575245823738	2.5028767774244254	0.1973023357824322	6.624439814307125	0.2612859597178053	0.2437694191614577	1.8718134298351428	2.9841576196220347	0.8376649486420294	0.0	99.97453950526632	78.2171144496838	78.19719998537852
normal_prostate	4176803	3362103	158700	656000	3361337	766	158700	6284	191138	11152	13493	67524	209743	66668	0	89998	80.47631166708126	0.0183393854103245	3.799556742321819	2.1547101934182673	0.1504499972826106	4.5761794367606035	0.2669984674881722	0.3230461192447908	1.6166431598521644	5.02161581477508	1.5961490163649088	0.0	99.97721664089411	80.49465105249158	80.47631166708126
