sample	n_genome_unique	n_gU_tP	n_gU_tA	n_representable_not_present_in_dedup_bam	n_splice_junction_absent	n_nonselected_isoform_exon	n_protein_coding_gene_omitted	n_pseudogene	n_non_protein_coding_gene	n_intronic	n_intergenic	n_other_unclassified	pct_representable_not_present_in_dedup_bam	pct_splice_junction_absent	pct_nonselected_isoform_exon	pct_protein_coding_gene_omitted	pct_pseudogene	pct_non_protein_coding_gene	pct_intronic	pct_intergenic	pct_other_unclassified	n_omitted_exon_overlap	pct_omitted_exon_overlap
A2780	4038189	3525505	512684	105713	7980	191834	7583	11346	52915	105924	29389	0	20.619523917266775	1.5565143441184044	37.41759056260776	1.479078730758128	2.213059116336769	10.321172496118466	20.660679872982183	5.732380959811501	0.0	143514	27.99268165185572
A549	2181224	1906739	274485	55012	3860	122359	1965	10310	28553	30585	21841	0	20.041896642803795	1.4062699236752465	44.57766362460608	0.7158861139953003	3.7561251070185984	10.402389930232982	11.142685392644406	7.95708326502359	0.0	52240	19.03200539191577
BJ	3127247	2932251	194996	72823	5607	75574	1777	3309	12845	17393	5668	0	37.34589427475436	2.875443598843053	38.75669244497323	0.9113007446306592	1.6969578863156167	6.587314611581776	8.91967014707994	2.9067262918213705	0.0	68133	34.94071673265093
BRx-142	2645062	2087829	557233	295167	7489	114896	3234	9735	33415	56253	37044	0	52.97012201359216	1.343962041013364	20.619022922188744	0.5803676379539618	1.7470250326165178	5.996593884425366	10.095058978919052	6.647847489290835	0.0	78773	14.136456383595371
Cybrid_Cells	4415585	3340032	1075553	89427	9017	426166	52526	12899	90438	342400	52680	0	8.314513557211965	0.8383594299862489	39.622966046303624	4.88362730613926	1.199290039635425	8.40851171443899	31.83478638430649	4.897945521977997	0.0	300171	27.908527055384532
H1-hESC	5752981	5330210	422771	148196	10770	142286	7691	9008	41060	41985	21775	0	35.053492316171166	2.5474784221245073	33.65557240208056	1.8191881656972688	2.1307043292941095	9.712113650179411	9.930908222181747	5.15054249227123	0.0	124238	29.386594633974426
H9-hESC	2817416	2503783	313633	74183	6225	114959	5223	6292	32790	57136	16825	0	23.652804392394938	1.9848038949982945	36.65398730363195	1.665322207803388	2.006166442944461	10.454894733653664	18.217470738091972	5.364550286481333	0.0	86495	27.5784117105024
HEK293	10628822	9725011	903811	276024	27009	340102	8307	21895	68809	130702	30963	0	30.5400133434977	2.98834601481947	37.6297699408394	0.9191080878635024	2.4225197524703725	7.613206743445256	14.461209257245152	3.4258268598191437	0.0	259590	28.72171283598009
HEK293T	3519143	3203854	315289	94657	7837	127163	2595	6742	31885	31628	12782	0	30.022297003701365	2.4856560171778908	40.33220315329745	0.8230544040546927	2.1383556039062572	10.112943997411898	10.0314314803244	4.054058340126043	0.0	97073	30.78857809818928
HeLa	7643239	6846306	796933	205612	22533	284345	16140	37809	85320	101373	43801	0	25.800412330773103	2.8274647931507415	35.67991286594984	2.025264357229529	4.7443135119263475	10.706044297324867	12.720391802071193	5.496196041574386	0.0	225999	28.35859476267139
Huh7	6798317	5871035	927282	182650	19988	365006	24503	21974	106857	132814	73490	0	19.69735204608738	2.1555470719802607	39.36299852687747	2.6424539676171865	2.369721400825207	11.52367888085825	14.32293520202053	7.925312903733707	0.0	297205	32.051199095852176
LuCaP-PDX	5586703	5000860	585843	141868	10760	186468	21843	17800	61907	104125	41072	0	24.21604423028013	1.836669551398583	31.829005381988008	3.7284733281783686	3.038356692834087	10.567165605802238	17.773533182098276	7.010752027420316	0.0	131991	22.53009765414966
MCF10A	1450596	1365020	85576	40125	2270	24394	1947	1562	9709	3840	1729	0	46.88814620921754	2.652612882116481	28.50565579134337	2.2751706085818455	1.8252781153594464	11.345470692717583	4.48723941291951	2.020426287744227	0.0	21296	24.88548191081612
RD-CCL-136	7734827	6923413	811414	195667	18859	357006	4225	14212	62303	122124	37018	0	24.11432388398524	2.3242142728619424	43.99800841493985	0.5206959702445361	1.7515103264178336	7.678324505123156	15.050763235536976	4.5621593908904705	0.0	272620	33.598138558121995
U-251	5615756	5178299	437457	144714	12718	164252	9094	11012	37056	38513	20098	0	33.08073707815854	2.9072571704190353	37.54700461988264	2.0788328910041445	2.5172759836966834	8.470775413354913	8.803836719951903	4.594280123532141	0.0	139149	31.808612046441137
U-343	7652337	6956985	695352	194444	16726	267084	19236	13571	72486	69709	42096	0	27.963391203304223	2.405400430285668	38.40989887136299	2.7663686880889102	1.951673397070836	10.424360611603907	10.024994535141914	6.053912263141545	0.0	227153	32.667339707083606
U2OS	3512506	3255430	257076	96650	6662	81614	16527	9465	16671	18182	11305	0	37.5958860414819	2.5914515551821253	31.747032006099364	6.42883816458946	3.681790598889045	6.484852728376045	7.0726166581088865	4.39753224727318	0.0	62901	24.467861644027447
cardiac_fibroblasts	4953744	4584646	369098	112367	9026	150182	6688	10157	31657	32615	16406	0	30.443676205235462	2.4454209993009988	40.68892272512991	1.8119848929010725	2.7518436837912965	8.576854927417651	8.83640659120342	4.4448899750201845	0.0	107590	29.149439986128343
early_neurons	5189444	4458401	731043	132218	9711	302976	21463	13403	77047	130235	43990	0	18.086213806848573	1.3283760325999976	41.44434732293449	2.9359422085978526	1.833407884351536	10.539325320124808	17.814957533277795	6.017429891264946	0.0	211155	28.884073850649003
fibroblast	2779187	2374424	404763	66874	6089	178307	3086	6650	42141	83223	18393	0	16.521767058747958	1.5043371059113604	44.052198446992435	0.7624214663889733	1.6429367308770813	10.411277710660311	20.560920835155382	4.54414064526649	0.0	123406	30.48845867828828
hESC	6373116	5647833	725283	169183	16818	295880	6887	14006	74083	93851	54575	0	23.326480835756524	2.3188189989286943	40.79511032245344	0.94956037850053	1.9311082708404856	10.2143577058886	12.939914488551365	7.524648999080359	0.0	253492	34.950770940446695
megakaryocytes	6072475	2720134	3352341	2858733	14415	242933	11022	20500	78912	92477	33349	0	85.27572224901941	0.4299980222775666	7.246667328890468	0.3287851683346056	0.6115129695934871	2.3539371442225	2.758579750687654	0.9947973669743024	0.0	194684	5.8074044376750455
neurons	3419625	2888786	530839	85589	6747	226531	8935	8336	64009	102047	28645	0	16.12334436618259	1.2710068401153645	42.67414413786478	1.6831845437128772	1.5703443040168488	12.058081640572754	19.22371943282238	5.3961747347124085	0.0	159781	30.099710081587823
normal_prostate	4176803	3520803	656000	89998	6284	191138	11152	13493	67524	209743	66668	0	13.71920731707317	0.9579268292682926	29.13689024390244	1.7	2.0568597560975608	10.293292682926827	31.973018292682926	10.16280487804878	0.0	116943	17.826676829268294
