claim_id	item	quantity	value	source_table	columns	calculation
C01	S1 Fig A	libraries whose selected read-length window is identical on both routes	22 of 24	data/ribo_seq_qc/{genome,transcriptome}/tables/readlen_window_qc.csv	sample, read_length, in_phase1	Per route take the selected (in_phase1) read lengths per sample; count the samples whose (min, max) window matches.
C02	S1 Fig A	(library, read length) cells selected by either route	142	data/ribo_seq_qc/{genome,transcriptome}/tables/readlen_window_qc.csv	sample, read_length, in_phase1	Size of the union of selected (sample, read_length) cells over both routes.
C03	S1 Fig A	cells selected by one route only	2 (both transcriptome-only)	data/ribo_seq_qc/{genome,transcriptome}/tables/readlen_window_qc.csv	sample, read_length, in_phase1	Cells in the union but not the intersection, split by which route selected them.
C04	S1 Fig A	selected cells whose P-site offset differs between routes	0	data/ribo_seq_qc/{genome,transcriptome}/tables/readlen_window_qc.csv	sample, read_length, in_phase1, psite_offset	Over cells selected by BOTH routes, count those whose psite_offset differs.
C05	S1 Fig A+B	cells selected by both routes	140	data/ribo_seq_qc/{genome,transcriptome}/tables/readlen_window_qc.csv	sample, read_length, in_phase1	Size of the intersection of selected (sample, read_length) cells.
C06	S1 Fig B	median genome-minus-transcriptome whole-CDS frame-0 difference	+0.30 pp	data/ribo_seq_qc/{genome,transcriptome}/tables/cds_psite_frame.csv	sample, read_length, pct_frame0	Join the two routes on (sample, read_length); median of genome pct_frame0 minus transcriptome pct_frame0.
C07	S1 Fig B	mean absolute frame-0 difference	0.33 pp	data/ribo_seq_qc/{genome,transcriptome}/tables/cds_psite_frame.csv	sample, read_length, pct_frame0	Mean of the absolute difference, same join.
C08	S1 Fig B	maximum absolute frame-0 difference	2.00 pp, at U2OS 30 nt	data/ribo_seq_qc/{genome,transcriptome}/tables/cds_psite_frame.csv	sample, read_length, pct_frame0	Maximum of the absolute difference, and the (sample, read_length) carrying it.
C09	Figure 2D	median Spearman rho, P-site coverage	0.9174	data/coverage/concordance/region_concordance_per_sample.tsv	sample, spearman_all	Median of spearman_all over the 24 rows, one per cell line.
C10	Figure 2D	median Pearson r, P-site coverage	0.9099	data/coverage/concordance/region_concordance_per_sample.tsv	sample, pearson_all	Median of pearson_all over the 24 rows.
C11	Figure 2D	median Spearman rho, footprint coverage	0.9370	data/coverage/concordance/region_coverage_per_sample.tsv	sample, spearman_all	Median of spearman_all over the 24 rows.
C12	Figure 2D	median Pearson r, footprint coverage	0.9344	data/coverage/concordance/region_coverage_per_sample.tsv	sample, pearson_all	Median of pearson_all over the 24 rows.
C13	Figure 3	transcripts passing the CPM gate (> 1 CPM in all four matrices in >= 12 of 24 lines)	11,589 of 19,736	data/te_route/tables/per_gene_delta.tsv; data/ribo_rna/counts/*.csv	transcript_id	Number of data rows of per_gene_delta.tsv; the gate is applied by code/te_route/normalization.R, which asserts the count.
C14	Figure 3	size-factor estimation set (non-zero in all four matrices and all lines)	7,864	data/ribo_rna/counts/*.csv	all	Rows non-zero everywhere after the gate; asserted by code/te_route/normalization.R.
C15	Figure 3A	median per-cell-line route agreement on log2 TE	Spearman rho 0.9686, Pearson r 0.9660	data/te_route/tables/route_correlation.tsv	sample, spearman_rho, pearson_r	Median over the 24 rows of each column.
C16	Figure 3B	median delta TE (genome minus transcriptome, log2) and its IQR	-0.0634 (IQR -0.0992 to -0.0408)	data/te_route/tables/per_gene_delta.tsv	dte_mean	Median and 25th/75th percentiles of dte_mean over the 11,589 rows.
C17	Figure 3B	transcripts with lower / higher TE under genome alignment	10,727 / 862	data/te_route/tables/per_gene_delta.tsv	dte_mean	Count of dte_mean < 0 and dte_mean > 0.
C18	Figure 3C	transcripts with padj < 0.05 and |delta TE| > 1	80 (79 negative, 1 positive)	data/te_route/tables/per_gene_delta.tsv	dte_padj, dte_mean	Benjamini-Hochberg padj < 0.05 and |dte_mean| > 1, split by sign.
C19	Figure 5A	read-ID union per gene (GSM2100602) and its largest segment	COMT 1,283 (shared unique 1,084); GAPDH 4,322 (shared multi, pseudogene tie 2,326); LRRFIP1 1,516 (genome-only unique on an omitted exon 747)	data/alignment_fate/gene_partition_route7.tsv	gene_name, n_union, segment_key, n_reads	n_union per gene and the n_reads of the named segment; a read joins the union through the genome route by a top-score placement (its primary, or a secondary with the primary's AS) on the gene's span; the pseudogene tie and the omitted exon are tested at the gene; every segment count is asserted by code/alignment_fate/build_gene_partition_data.py.
C20	Figure 5B	LRRFIP1 locus, selected and alternative isoform, exonic sequence absent from the selected reference	chr2:237,627,586-237,781,643 (+); ENST00000308482.14 vs ENST00000244815.9; 3,619 nt	data/alignment_fate/locus_LRRFIP1.json	locus, selected_transcript, alternative_transcript, n_absent_nt	Recorded by code/alignment_fate/build_locus_data.py; the alternative isoform is the one carrying the most genome-only unique reads on non-selected sequence.
C21	Benchmark, one_library	14,187,683	14,187,683	benchmark/reads.csv	metric=input_fragments rows for path in (ribo_genome, rnaseq_genome)	Sum of ribo input_fragments (8,847,967) + rnaseq input_fragments (5,339,716); identical across all 3 repeats.
C22	Benchmark, three_libraries	62,536,429	62,536,429	benchmark/reads.csv	metric=input_fragments rows for path in (ribo_genome, rnaseq_genome)	Sum of ribo input_fragments (40,383,892) + rnaseq input_fragments (22,152,537); identical across all 3 repeats.
C23	Benchmark, one_library	516	516	benchmark/runs/*/wall_seconds	wall_seconds	Mean of the three per-run wall_seconds (515, 516, 516) = 515.67, rounded to 516. Averaging follows aggregate.py's documented convention (line 509): mean of the per-run values rounded to display precision.
C24	Benchmark, three_libraries	1646	1646	benchmark/runs/*/wall_seconds	wall_seconds	Mean of the three per-run wall_seconds (1630, 1672, 1637) = 1646.33, rounded to 1646. Averaging follows aggregate.py's documented convention (line 509): mean of the per-run values rounded to display precision.
C25	Benchmark, one_library	0.942	0.942	benchmark/runs/{one_library,three_libraries}.rep{1,2,3}/trace.txt (source: benchmarks/results/gse269734/runs/*/trace.txt)	realtime (ms), %cpu	Per run: cpu_s = sum(realtime/1000 * %cpu/100); cpu_h = cpu_s/3600 -> 0.940, 0.943, 0.942; mean = 0.942. The %cpu divisor of 100 was confirmed against Nextflow's 'CPU hours' footer (1.6 h) in each run's nextflow.log. Averaging follows aggregate.py's documented convention (line 509): mean of the per-run values rounded to display precision.
C26	Benchmark, three_libraries	3.878	3.878	benchmark/runs/{one_library,three_libraries}.rep{1,2,3}/trace.txt (source: benchmarks/results/gse269734/runs/*/trace.txt)	realtime (ms), %cpu	Same rule -> 3.875, 3.888, 3.870; mean = 3.878. Divisor 100 confirmed against the 6.7 h footer. Averaging follows aggregate.py's documented convention (line 509): mean of the per-run values rounded to display precision.
C27	Benchmark, one_library	41.10	41.10	benchmark/runs/{one_library,three_libraries}.rep{1,2,3}/trace.txt (source: benchmarks/results/gse269734/runs/*/trace.txt); benchmark/host.json (executor_cpus=16)	realtime, %cpu, wall_seconds, host.json executor_cpus	Per run: 100 * cpu_s / (wall_s * 16) -> 41.06, 41.11, 41.07, each displayed as 41.1; mean = 41.10. (Mean of the unrounded values is 41.08 - also emitted, as cpu_utilization_pct_unrounded.) Averaging follows aggregate.py's documented convention (line 509): mean of the per-run values rounded to display precision.
C28	Benchmark, three_libraries	53.00	53.00	benchmark/runs/{one_library,three_libraries}.rep{1,2,3}/trace.txt (source: benchmarks/results/gse269734/runs/*/trace.txt); benchmark/host.json (executor_cpus=16)	realtime, %cpu, wall_seconds, host.json executor_cpus	Same rule -> 53.5, 52.3, 53.2; mean = 53.00. (Unrounded mean 53.01.) Averaging follows aggregate.py's documented convention (line 509): mean of the per-run values rounded to display precision.
C29	Benchmark, one_library	30.02	30.02 GiB (32,231,101,781.333 B; 32.2311 GB decimal)	benchmark/runs/{one_library,three_libraries}.rep{1,2,3}/trace.txt (source: benchmarks/results/gse269734/runs/*/trace.txt)	peak_rss (BYTES)	Per-run max(peak_rss) = 32,229,425,152 / 32,231,481,344 / 32,232,398,848 B; mean = 32,231,101,781.333 B; / 1024^3 = 30.0176 -> 30.02 GiB. NOT rounded before averaging - the mean is taken over raw bytes.
C30	Benchmark, three_libraries	30.08	30.08 GiB (32,300,631,381.333 B; 32.3006 GB decimal)	benchmark/runs/{one_library,three_libraries}.rep{1,2,3}/trace.txt (source: benchmarks/results/gse269734/runs/*/trace.txt)	peak_rss (BYTES)	Per-run max(peak_rss) = 32,299,180,032 / 32,300,773,376 / 32,301,940,736 B; mean = 32,300,631,381.333 B; / 1024^3 = 30.0823 -> 30.08 GiB.
C31	Benchmark, change row	+11.90 pp	+11.90 pp (equivalently +28.95% relative)	benchmark/runs/{one_library,three_libraries}.rep{1,2,3}/trace.txt (source: benchmarks/results/gse269734/runs/*/trace.txt); benchmark/host.json (executor_cpus=16)	derived from C27 and C28	53.00 - 41.10 = 11.90 PERCENTAGE POINTS. Must be displayed as '+11.90 pp'. The relative change is a different quantity: 11.90 / 41.10 = +28.95%. The two must not be conflated, and '11.90%' is wrong for either.
C32	Benchmark, change row	+0.22%	+0.2157% -> +0.22%	benchmark/runs/{one_library,three_libraries}.rep{1,2,3}/trace.txt (source: benchmarks/results/gse269734/runs/*/trace.txt)	peak_rss (BYTES), derived from C29 and C30	(32,300,631,381.333 / 32,231,101,781.333 - 1) * 100 = 0.2157%, computed from UNROUNDED bytes -> +0.22%. Computing it from the rounded GiB values (30.08/30.02) would give +0.20% and is not what is reported.
C33	Benchmark, all six runs	50 (one_library) / 125 (three_libraries)	one_library 50/50/50; three_libraries 125/125/125; zero cached, zero retries, all exit 0	benchmark/runs/{one_library,three_libraries}.rep{1,2,3}/trace.txt (source: benchmarks/results/gse269734/runs/*/trace.txt)	status, attempt, exit	Per run: len(rows), count(status==COMPLETED), count(status==CACHED), count(attempt>1), count(exit not in (0,-)). All six: n_tasks == n_completed == 50 or 125, n_cached == 0, n_retried == 0, no non-zero task exit.
C34	Benchmark, all six runs	all exited successfully	0 for all six runs	benchmark/runs/*/exit_code	exit_code	Wrapper exit status per run.
C35	Figure 4A	median additional mapped RPF read IDs per library, genome minus transcriptome	0.72 million (IQR 0.47 to 0.99)	data/read_taxonomy/taxonomy/taxonomy_all.tsv	sample, n_genome_unique, n_genome_multi, n_txome_unique, n_txome_multi	Per sample delta = (n_genome_unique + n_genome_multi) - (n_txome_unique + n_txome_multi), in millions; median and quartiles (numpy percentile 25/75, linear interpolation) over the 24 cell lines. Exact: median 0.7232, IQR 0.4745-0.9924.
C36	Figure 4B	median % of the read-ID union: shared, genome-unique	75.4%	data/read_taxonomy/taxonomy/taxonomy_all.tsv	sample, n_universe, n_gU_tU, n_gU_tM	100 * (n_gU_tU + n_gU_tM) / n_universe per sample (the cohort_common.load_taxonomy both_genome_unique segment); median over the 24 cell lines. Exact: 75.3781.
C37	Figure 4B	median % of the read-ID union: shared, genome-multimapping	9.3%	data/read_taxonomy/taxonomy/taxonomy_all.tsv	sample, n_universe, n_gM_tU, n_gM_tM	100 * (n_gM_tU + n_gM_tM) / n_universe per sample; median over the 24 cell lines. Exact: 9.2759.
C38	Figure 4B	median % of the read-ID union: genome-only, genome-unique	9.2%	data/read_taxonomy/taxonomy/taxonomy_all.tsv	sample, n_universe, n_gU_tA	100 * n_gU_tA / n_universe per sample; median over the 24 cell lines. Exact: 9.2179.
C39	Figure 4B	median % of the read-ID union: genome-only, genome-multimapping	4.5%	data/read_taxonomy/taxonomy/taxonomy_all.tsv	sample, n_universe, n_gM_tA	100 * n_gM_tA / n_universe per sample; median over the 24 cell lines. Exact: 4.4749.
C40	Figure 4B	median % of the read-ID union: transcriptome-only	1.0%	data/read_taxonomy/taxonomy/taxonomy_all.tsv	sample, n_universe, n_gA_tU, n_gA_tM	100 * (n_gA_tU + n_gA_tM) / n_universe per sample; median over the 24 cell lines. The five segment percentages (C36-C40) sum to 100 per sample. Exact: 0.9665.
C41	Figure 4C	median % of shared genome-multimapping reads with a tied protein-coding / processed-pseudogene placement	52.4% (IQR 49.5% to 54.3%)	data/read_taxonomy/multimap_biotype/multimap_tie_biotype_all.tsv	sample, pct_cross_pp_pc, pct_cross_pc_pp	Per sample cross_tie_pct = pct_cross_pp_pc + pct_cross_pc_pp (both tie directions; denominator n_reads = shared genome-multimapper read IDs, = taxonomy n_gM_tU + n_gM_tM); median and quartiles over the 24 cell lines. Exact: median 52.4154, IQR 49.5346-54.3424.
C42	Figure 4D	median % of genome-only unique reads with an aligned block on omitted exonic sequence	28.8% (IQR 24.8% to 31.0%)	data/read_taxonomy/reach/genome_anchored_reach_all.tsv	sample, n_omitted_exon_overlap, n_gU_tA	100 * n_omitted_exon_overlap / n_gU_tA per sample (denominator = all genome-unique reads absent from every transcriptome primary at any MAPQ; numerator = distinct read IDs whose primary genomic alignment has an aligned block overlapping exonic sequence of a gene that is absent from that gene's selected transcript -- the Figure 5A alternative-exon test, each read counted once per library); median and quartiles over the 24 cell lines. Exact: median 28.8029, IQR 24.7811-31.0436.
C43	Figure 5B	LRRFIP1 locus coverage split by the Figure 5A read populations (GSM2100602, read-length window, P-site counts)	genome track: shared unique 267 / shared multimapping 54 / genome-only unique 739 (717 P-sites on the drawn exons) / genome-only multimapping 358 (350 P-sites on the drawn exons); 0 reads position-ambiguous in every category; transcriptome track: shared unique 267 / shared multimapping 54 / transcriptome-only 12	data/alignment_fate/locus_LRRFIP1.json	counts.genome_track_reads_by_layer, counts.genome_track_placed_by_layer, counts.genome_track_position_ambiguous_by_layer, counts.txome_track_reads_by_layer, counts.genome_track_cov_by_layer	Recorded by code/alignment_fate/build_locus_data.py; "shared" is read-level presence in both BAMs as in 5A, a transcriptome-track read's genome status is its primary NH when it has a top-score genome placement at the locus (none: transcriptome-only); genome-track positions come only from placements tied for the read's highest genomic score at the locus, at most one P-site count per read (identical P-sites collapse; disagreeing P-sites omit the read from position-resolved coverage, counted per layer -- 0 at this locus); the layer arrays in locus_LRRFIP1.npz sum exactly to genome_cov / txome_cov (asserted by the builder and tests/test_gene_partition_data.py).
